exec VYMAZ_DATA_VSECH_TABULEK;
exec VYPNI_CIZI_KLICE;

REM INSERTING into BLACKLIST
SET DEFINE OFF;
Insert into BLACKLIST (ID_ZAK,POZNAMKA) values ('15',null);
Insert into BLACKLIST (ID_ZAK,POZNAMKA) values ('37',null);
REM INSERTING into POKOJ
SET DEFINE OFF;
Insert into POKOJ (CISLO_POKOJE,PATRO,POCET_LUZEK,CENA) values ('101','1','1','32');
Insert into POKOJ (CISLO_POKOJE,PATRO,POCET_LUZEK,CENA) values ('102','1','1','32');
Insert into POKOJ (CISLO_POKOJE,PATRO,POCET_LUZEK,CENA) values ('103','1','1','32');
Insert into POKOJ (CISLO_POKOJE,PATRO,POCET_LUZEK,CENA) values ('104','1','2','40');
Insert into POKOJ (CISLO_POKOJE,PATRO,POCET_LUZEK,CENA) values ('105','1','2','40');
Insert into POKOJ (CISLO_POKOJE,PATRO,POCET_LUZEK,CENA) values ('106','1','2','40');
Insert into POKOJ (CISLO_POKOJE,PATRO,POCET_LUZEK,CENA) values ('107','1','2','40');
Insert into POKOJ (CISLO_POKOJE,PATRO,POCET_LUZEK,CENA) values ('108','1','2','40');
Insert into POKOJ (CISLO_POKOJE,PATRO,POCET_LUZEK,CENA) values ('109','1','3','55');
Insert into POKOJ (CISLO_POKOJE,PATRO,POCET_LUZEK,CENA) values ('110','1','3','55');
Insert into POKOJ (CISLO_POKOJE,PATRO,POCET_LUZEK,CENA) values ('201','2','1','32');
Insert into POKOJ (CISLO_POKOJE,PATRO,POCET_LUZEK,CENA) values ('202','2','1','32');
Insert into POKOJ (CISLO_POKOJE,PATRO,POCET_LUZEK,CENA) values ('203','2','1','32');
Insert into POKOJ (CISLO_POKOJE,PATRO,POCET_LUZEK,CENA) values ('204','2','2','40');
Insert into POKOJ (CISLO_POKOJE,PATRO,POCET_LUZEK,CENA) values ('205','2','2','40');
Insert into POKOJ (CISLO_POKOJE,PATRO,POCET_LUZEK,CENA) values ('206','2','2','40');
Insert into POKOJ (CISLO_POKOJE,PATRO,POCET_LUZEK,CENA) values ('207','2','2','40');
Insert into POKOJ (CISLO_POKOJE,PATRO,POCET_LUZEK,CENA) values ('208','2','2','40');
Insert into POKOJ (CISLO_POKOJE,PATRO,POCET_LUZEK,CENA) values ('209','2','3','55');
Insert into POKOJ (CISLO_POKOJE,PATRO,POCET_LUZEK,CENA) values ('210','2','3','55');
Insert into POKOJ (CISLO_POKOJE,PATRO,POCET_LUZEK,CENA) values ('301','3','1','32');
Insert into POKOJ (CISLO_POKOJE,PATRO,POCET_LUZEK,CENA) values ('302','3','1','32');
Insert into POKOJ (CISLO_POKOJE,PATRO,POCET_LUZEK,CENA) values ('303','3','1','32');
Insert into POKOJ (CISLO_POKOJE,PATRO,POCET_LUZEK,CENA) values ('304','3','2','40');
Insert into POKOJ (CISLO_POKOJE,PATRO,POCET_LUZEK,CENA) values ('305','3','2','40');
Insert into POKOJ (CISLO_POKOJE,PATRO,POCET_LUZEK,CENA) values ('306','3','2','40');
Insert into POKOJ (CISLO_POKOJE,PATRO,POCET_LUZEK,CENA) values ('307','3','2','40');
Insert into POKOJ (CISLO_POKOJE,PATRO,POCET_LUZEK,CENA) values ('308','3','2','40');
Insert into POKOJ (CISLO_POKOJE,PATRO,POCET_LUZEK,CENA) values ('309','3','3','55');
Insert into POKOJ (CISLO_POKOJE,PATRO,POCET_LUZEK,CENA) values ('310','3','3','55');
REM INSERTING into POZICE
SET DEFINE OFF;
Insert into POZICE (ID_ZAM,POZICE) values ('16','Pracovni pomer ukoncen dohodou');
Insert into POZICE (ID_ZAM,POZICE) values ('1','Reditel');
Insert into POZICE (ID_ZAM,POZICE) values ('2','Cisnik');
Insert into POZICE (ID_ZAM,POZICE) values ('3','Pracovni pomer ukoncen dohodou');
Insert into POZICE (ID_ZAM,POZICE) values ('4','Recepcni');
Insert into POZICE (ID_ZAM,POZICE) values ('5','Recepcni');
Insert into POZICE (ID_ZAM,POZICE) values ('6','Pracovni pomer ukoncen dohodou');
Insert into POZICE (ID_ZAM,POZICE) values ('7','Pracovni pomer ukoncen dohodou');
Insert into POZICE (ID_ZAM,POZICE) values ('8','Recepcni');
Insert into POZICE (ID_ZAM,POZICE) values ('9','Pracovni pomer ukoncen dohodou');
Insert into POZICE (ID_ZAM,POZICE) values ('10','Uklizec');
Insert into POZICE (ID_ZAM,POZICE) values ('11','Pracovni pomer ukoncen dohodou');
Insert into POZICE (ID_ZAM,POZICE) values ('12','Pracovni pomer ukoncen vypovedi');
Insert into POZICE (ID_ZAM,POZICE) values ('13','Recepcni');
Insert into POZICE (ID_ZAM,POZICE) values ('14','Uklizec');
Insert into POZICE (ID_ZAM,POZICE) values ('15','Pracovni pomer ukoncen dohodou');
Insert into POZICE (ID_ZAM,POZICE) values ('17','Cisnik');
Insert into POZICE (ID_ZAM,POZICE) values ('18','Cisnik');
Insert into POZICE (ID_ZAM,POZICE) values ('19','Pracovni pomer ukoncen vypovedi');
Insert into POZICE (ID_ZAM,POZICE) values ('20','Uklizec');
Insert into POZICE (ID_ZAM,POZICE) values ('21','Vedouci recepce');
Insert into POZICE (ID_ZAM,POZICE) values ('22','Vedouci recepce');
REM INSERTING into PRACOVNIK_EXTERNISTA
SET DEFINE OFF;
Insert into PRACOVNIK_EXTERNISTA (ID_PRA,JMENO_EXT,PRIJMENI_EXT,POZICE_EXT,TELEFONNI_CISLO,FIRMA) values ('1','Mark','Madison','Pruvodce','+1 (126) 821-0217',null);
Insert into PRACOVNIK_EXTERNISTA (ID_PRA,JMENO_EXT,PRIJMENI_EXT,POZICE_EXT,TELEFONNI_CISLO,FIRMA) values ('2','James','Van Buren','Instruktor Lyzovani','+1 (340) 859-6304','bestsnow');
Insert into PRACOVNIK_EXTERNISTA (ID_PRA,JMENO_EXT,PRIJMENI_EXT,POZICE_EXT,TELEFONNI_CISLO,FIRMA) values ('3','John','Carter','Instruktor Lyzovani','+7 (500) 625-9821','bestsnow');
REM INSERTING into PUJCOVNA
SET DEFINE OFF;
Insert into PUJCOVNA (INV_CISLO,VEC,POCET_DNU) values ('10/01','Gril','1');
Insert into PUJCOVNA (INV_CISLO,VEC,POCET_DNU) values ('10/02','Gril','1');
Insert into PUJCOVNA (INV_CISLO,VEC,POCET_DNU) values ('11/09','Lyze','2');
Insert into PUJCOVNA (INV_CISLO,VEC,POCET_DNU) values ('11/07','Helma','2');
Insert into PUJCOVNA (INV_CISLO,VEC,POCET_DNU) values ('11/11','Lyze','2');
Insert into PUJCOVNA (INV_CISLO,VEC,POCET_DNU) values ('11/08','Lyze','2');
Insert into PUJCOVNA (INV_CISLO,VEC,POCET_DNU) values ('11/19','Snowboard','2');
Insert into PUJCOVNA (INV_CISLO,VEC,POCET_DNU) values ('12/29','Spacak','2');
Insert into PUJCOVNA (INV_CISLO,VEC,POCET_DNU) values ('12/27','Spacak','2');
Insert into PUJCOVNA (INV_CISLO,VEC,POCET_DNU) values ('11/42','Helma','2');
Insert into PUJCOVNA (INV_CISLO,VEC,POCET_DNU) values ('10/56','Deka','1');
Insert into PUJCOVNA (INV_CISLO,VEC,POCET_DNU) values ('10/57','Deka','1');
Insert into PUJCOVNA (INV_CISLO,VEC,POCET_DNU) values ('10/48','Gril','1');
REM INSERTING into REZERVACE_SLUZBY
SET DEFINE OFF;
Insert into REZERVACE_SLUZBY (ID_REZERVACE_SL,ID_ZAM,ID_ZAK,DATUM,INV_CISLO,CAS,CENA,KOD_SLUZBA) values ('19','5','14',to_date('15.08.19','DD.MM.RR'),null,null,'10','SAU');
Insert into REZERVACE_SLUZBY (ID_REZERVACE_SL,ID_ZAM,ID_ZAK,DATUM,INV_CISLO,CAS,CENA,KOD_SLUZBA) values ('20','4','8',to_date('01.01.18','DD.MM.RR'),null,null,'9','TEN1');
Insert into REZERVACE_SLUZBY (ID_REZERVACE_SL,ID_ZAM,ID_ZAK,DATUM,INV_CISLO,CAS,CENA,KOD_SLUZBA) values ('1','13','18',to_date('18.01.18','DD.MM.RR'),'11/19',null,'11',null);
Insert into REZERVACE_SLUZBY (ID_REZERVACE_SL,ID_ZAM,ID_ZAK,DATUM,INV_CISLO,CAS,CENA,KOD_SLUZBA) values ('10','13','18',to_date('18.01.18','DD.MM.RR'),'11/42',null,'10',null);
Insert into REZERVACE_SLUZBY (ID_REZERVACE_SL,ID_ZAM,ID_ZAK,DATUM,INV_CISLO,CAS,CENA,KOD_SLUZBA) values ('2','12','19',to_date('11.07.17','DD.MM.RR'),'12/29',null,'11',null);
Insert into REZERVACE_SLUZBY (ID_REZERVACE_SL,ID_ZAM,ID_ZAK,DATUM,INV_CISLO,CAS,CENA,KOD_SLUZBA) values ('3','3','24',to_date('30.08.19','DD.MM.RR'),'12/27',null,'12',null);
Insert into REZERVACE_SLUZBY (ID_REZERVACE_SL,ID_ZAM,ID_ZAK,DATUM,INV_CISLO,CAS,CENA,KOD_SLUZBA) values ('4','4','34',to_date('11.05.16','DD.MM.RR'),'10/57',null,'10',null);
Insert into REZERVACE_SLUZBY (ID_REZERVACE_SL,ID_ZAM,ID_ZAK,DATUM,INV_CISLO,CAS,CENA,KOD_SLUZBA) values ('5','13','14',to_date('05.08.19','DD.MM.RR'),'11/11',null,'9',null);
Insert into REZERVACE_SLUZBY (ID_REZERVACE_SL,ID_ZAM,ID_ZAK,DATUM,INV_CISLO,CAS,CENA,KOD_SLUZBA) values ('6','11','8',to_date('17.06.18','DD.MM.RR'),'10/01',null,'10',null);
Insert into REZERVACE_SLUZBY (ID_REZERVACE_SL,ID_ZAM,ID_ZAK,DATUM,INV_CISLO,CAS,CENA,KOD_SLUZBA) values ('7','5','6',to_date('13.03.16','DD.MM.RR'),'10/02',null,'10',null);
Insert into REZERVACE_SLUZBY (ID_REZERVACE_SL,ID_ZAM,ID_ZAK,DATUM,INV_CISLO,CAS,CENA,KOD_SLUZBA) values ('8','7','24',to_date('27.08.18','DD.MM.RR'),'10/48',null,'11',null);
Insert into REZERVACE_SLUZBY (ID_REZERVACE_SL,ID_ZAM,ID_ZAK,DATUM,INV_CISLO,CAS,CENA,KOD_SLUZBA) values ('9','6','37',to_date('28.06.19','DD.MM.RR'),'10/56',null,'11',null);
Insert into REZERVACE_SLUZBY (ID_REZERVACE_SL,ID_ZAM,ID_ZAK,DATUM,INV_CISLO,CAS,CENA,KOD_SLUZBA) values ('11','5','15',to_date('12.07.17','DD.MM.RR'),null,null,'11','KUL1');
Insert into REZERVACE_SLUZBY (ID_REZERVACE_SL,ID_ZAM,ID_ZAK,DATUM,INV_CISLO,CAS,CENA,KOD_SLUZBA) values ('12','7','35',to_date('29.08.19','DD.MM.RR'),null,null,'10','TEN1');
Insert into REZERVACE_SLUZBY (ID_REZERVACE_SL,ID_ZAM,ID_ZAK,DATUM,INV_CISLO,CAS,CENA,KOD_SLUZBA) values ('13','11','5',to_date('01.05.16','DD.MM.RR'),null,null,'11','TEN2');
Insert into REZERVACE_SLUZBY (ID_REZERVACE_SL,ID_ZAM,ID_ZAK,DATUM,INV_CISLO,CAS,CENA,KOD_SLUZBA) values ('14','4','9',to_date('15.08.19','DD.MM.RR'),null,null,'12','SAU');
Insert into REZERVACE_SLUZBY (ID_REZERVACE_SL,ID_ZAM,ID_ZAK,DATUM,INV_CISLO,CAS,CENA,KOD_SLUZBA) values ('15','12','14',to_date('27.06.18','DD.MM.RR'),null,null,'10','KUL1');
Insert into REZERVACE_SLUZBY (ID_REZERVACE_SL,ID_ZAM,ID_ZAK,DATUM,INV_CISLO,CAS,CENA,KOD_SLUZBA) values ('16','13','19',to_date('23.03.16','DD.MM.RR'),null,null,'9','TEN1');
Insert into REZERVACE_SLUZBY (ID_REZERVACE_SL,ID_ZAM,ID_ZAK,DATUM,INV_CISLO,CAS,CENA,KOD_SLUZBA) values ('17','13','7',to_date('17.08.18','DD.MM.RR'),null,null,'10','TEN2');
Insert into REZERVACE_SLUZBY (ID_REZERVACE_SL,ID_ZAM,ID_ZAK,DATUM,INV_CISLO,CAS,CENA,KOD_SLUZBA) values ('18','3','3',to_date('18.06.19','DD.MM.RR'),null,null,'10','SAU');
Insert into REZERVACE_SLUZBY (ID_REZERVACE_SL,ID_ZAM,ID_ZAK,DATUM,INV_CISLO,CAS,CENA,KOD_SLUZBA) values ('21','21','15',to_date('18.06.19','DD.MM.RR'),'11/08',null,'9',null);
REM INSERTING into REZERVACE_UBYTOVANI
SET DEFINE OFF;
Insert into REZERVACE_UBYTOVANI (ID_REZ,ID_ZAM,DATUM_REZERVACE,ID_ZAK,PRIJEZD,ODJEZD,POCET_HOSTU,CISLO_POKOJE) values ('1','12',to_date('08.11.17','DD.MM.RR'),'25',to_date('24.02.17','DD.MM.RR'),to_date('28.08.19','DD.MM.RR'),'1','201');
Insert into REZERVACE_UBYTOVANI (ID_REZ,ID_ZAM,DATUM_REZERVACE,ID_ZAK,PRIJEZD,ODJEZD,POCET_HOSTU,CISLO_POKOJE) values ('2','6',to_date('13.03.18','DD.MM.RR'),'20',to_date('12.04.19','DD.MM.RR'),to_date('29.05.16','DD.MM.RR'),'2','202');
Insert into REZERVACE_UBYTOVANI (ID_REZ,ID_ZAM,DATUM_REZERVACE,ID_ZAK,PRIJEZD,ODJEZD,POCET_HOSTU,CISLO_POKOJE) values ('3','8',to_date('06.12.19','DD.MM.RR'),'40',to_date('20.02.17','DD.MM.RR'),to_date('31.05.18','DD.MM.RR'),'3','203');
Insert into REZERVACE_UBYTOVANI (ID_REZ,ID_ZAM,DATUM_REZERVACE,ID_ZAK,PRIJEZD,ODJEZD,POCET_HOSTU,CISLO_POKOJE) values ('4','6',to_date('29.11.18','DD.MM.RR'),'1',to_date('12.08.18','DD.MM.RR'),to_date('20.06.17','DD.MM.RR'),'4','204');
Insert into REZERVACE_UBYTOVANI (ID_REZ,ID_ZAM,DATUM_REZERVACE,ID_ZAK,PRIJEZD,ODJEZD,POCET_HOSTU,CISLO_POKOJE) values ('5','1',to_date('19.01.17','DD.MM.RR'),'44',to_date('06.09.18','DD.MM.RR'),to_date('12.06.17','DD.MM.RR'),'5','205');
Insert into REZERVACE_UBYTOVANI (ID_REZ,ID_ZAM,DATUM_REZERVACE,ID_ZAK,PRIJEZD,ODJEZD,POCET_HOSTU,CISLO_POKOJE) values ('6','18',to_date('31.10.16','DD.MM.RR'),'27',to_date('20.08.17','DD.MM.RR'),to_date('23.03.16','DD.MM.RR'),'6','206');
Insert into REZERVACE_UBYTOVANI (ID_REZ,ID_ZAM,DATUM_REZERVACE,ID_ZAK,PRIJEZD,ODJEZD,POCET_HOSTU,CISLO_POKOJE) values ('7','6',to_date('08.11.16','DD.MM.RR'),'20',to_date('17.04.16','DD.MM.RR'),to_date('23.04.18','DD.MM.RR'),'7','207');
Insert into REZERVACE_UBYTOVANI (ID_REZ,ID_ZAM,DATUM_REZERVACE,ID_ZAK,PRIJEZD,ODJEZD,POCET_HOSTU,CISLO_POKOJE) values ('8','4',to_date('01.12.16','DD.MM.RR'),'16',to_date('23.01.18','DD.MM.RR'),to_date('04.03.19','DD.MM.RR'),'8','208');
Insert into REZERVACE_UBYTOVANI (ID_REZ,ID_ZAM,DATUM_REZERVACE,ID_ZAK,PRIJEZD,ODJEZD,POCET_HOSTU,CISLO_POKOJE) values ('9','20',to_date('12.06.17','DD.MM.RR'),'20',to_date('05.05.18','DD.MM.RR'),to_date('11.04.18','DD.MM.RR'),'9','209');
Insert into REZERVACE_UBYTOVANI (ID_REZ,ID_ZAM,DATUM_REZERVACE,ID_ZAK,PRIJEZD,ODJEZD,POCET_HOSTU,CISLO_POKOJE) values ('10','10',to_date('10.08.16','DD.MM.RR'),'4',to_date('08.01.19','DD.MM.RR'),to_date('05.02.19','DD.MM.RR'),'10','210');
Insert into REZERVACE_UBYTOVANI (ID_REZ,ID_ZAM,DATUM_REZERVACE,ID_ZAK,PRIJEZD,ODJEZD,POCET_HOSTU,CISLO_POKOJE) values ('11','16',to_date('02.11.19','DD.MM.RR'),'4',to_date('10.08.16','DD.MM.RR'),to_date('16.01.16','DD.MM.RR'),'11','101');
Insert into REZERVACE_UBYTOVANI (ID_REZ,ID_ZAM,DATUM_REZERVACE,ID_ZAK,PRIJEZD,ODJEZD,POCET_HOSTU,CISLO_POKOJE) values ('12','9',to_date('30.08.18','DD.MM.RR'),'12',to_date('02.09.17','DD.MM.RR'),to_date('11.12.19','DD.MM.RR'),'12','102');
Insert into REZERVACE_UBYTOVANI (ID_REZ,ID_ZAM,DATUM_REZERVACE,ID_ZAK,PRIJEZD,ODJEZD,POCET_HOSTU,CISLO_POKOJE) values ('13','2',to_date('04.09.17','DD.MM.RR'),'41',to_date('10.02.16','DD.MM.RR'),to_date('19.07.19','DD.MM.RR'),'13','103');
Insert into REZERVACE_UBYTOVANI (ID_REZ,ID_ZAM,DATUM_REZERVACE,ID_ZAK,PRIJEZD,ODJEZD,POCET_HOSTU,CISLO_POKOJE) values ('14','13',to_date('15.07.17','DD.MM.RR'),'30',to_date('23.02.19','DD.MM.RR'),to_date('22.09.17','DD.MM.RR'),'14','104');
Insert into REZERVACE_UBYTOVANI (ID_REZ,ID_ZAM,DATUM_REZERVACE,ID_ZAK,PRIJEZD,ODJEZD,POCET_HOSTU,CISLO_POKOJE) values ('15','20',to_date('17.11.17','DD.MM.RR'),'47',to_date('01.10.18','DD.MM.RR'),to_date('14.05.19','DD.MM.RR'),'15','105');
Insert into REZERVACE_UBYTOVANI (ID_REZ,ID_ZAM,DATUM_REZERVACE,ID_ZAK,PRIJEZD,ODJEZD,POCET_HOSTU,CISLO_POKOJE) values ('16','6',to_date('14.10.17','DD.MM.RR'),'39',to_date('07.05.16','DD.MM.RR'),to_date('19.11.16','DD.MM.RR'),'16','106');
Insert into REZERVACE_UBYTOVANI (ID_REZ,ID_ZAM,DATUM_REZERVACE,ID_ZAK,PRIJEZD,ODJEZD,POCET_HOSTU,CISLO_POKOJE) values ('17','8',to_date('02.06.19','DD.MM.RR'),'48',to_date('14.12.16','DD.MM.RR'),to_date('16.03.17','DD.MM.RR'),'17','107');
Insert into REZERVACE_UBYTOVANI (ID_REZ,ID_ZAM,DATUM_REZERVACE,ID_ZAK,PRIJEZD,ODJEZD,POCET_HOSTU,CISLO_POKOJE) values ('18','3',to_date('30.04.17','DD.MM.RR'),'15',to_date('26.05.19','DD.MM.RR'),to_date('25.10.17','DD.MM.RR'),'18','108');
Insert into REZERVACE_UBYTOVANI (ID_REZ,ID_ZAM,DATUM_REZERVACE,ID_ZAK,PRIJEZD,ODJEZD,POCET_HOSTU,CISLO_POKOJE) values ('19','1',to_date('15.06.19','DD.MM.RR'),'31',to_date('27.02.19','DD.MM.RR'),to_date('09.10.17','DD.MM.RR'),'19','109');
Insert into REZERVACE_UBYTOVANI (ID_REZ,ID_ZAM,DATUM_REZERVACE,ID_ZAK,PRIJEZD,ODJEZD,POCET_HOSTU,CISLO_POKOJE) values ('20','15',to_date('30.05.18','DD.MM.RR'),'37',to_date('06.12.16','DD.MM.RR'),to_date('28.07.17','DD.MM.RR'),'20','110');
Insert into REZERVACE_UBYTOVANI (ID_REZ,ID_ZAM,DATUM_REZERVACE,ID_ZAK,PRIJEZD,ODJEZD,POCET_HOSTU,CISLO_POKOJE) values ('21','18',to_date('15.12.17','DD.MM.RR'),'27',to_date('13.07.16','DD.MM.RR'),to_date('30.04.17','DD.MM.RR'),'21','201');
Insert into REZERVACE_UBYTOVANI (ID_REZ,ID_ZAM,DATUM_REZERVACE,ID_ZAK,PRIJEZD,ODJEZD,POCET_HOSTU,CISLO_POKOJE) values ('22','7',to_date('25.08.17','DD.MM.RR'),'42',to_date('10.03.16','DD.MM.RR'),to_date('16.10.16','DD.MM.RR'),'22','202');
Insert into REZERVACE_UBYTOVANI (ID_REZ,ID_ZAM,DATUM_REZERVACE,ID_ZAK,PRIJEZD,ODJEZD,POCET_HOSTU,CISLO_POKOJE) values ('23','13',to_date('21.11.16','DD.MM.RR'),'43',to_date('21.03.18','DD.MM.RR'),to_date('22.09.19','DD.MM.RR'),'23','203');
Insert into REZERVACE_UBYTOVANI (ID_REZ,ID_ZAM,DATUM_REZERVACE,ID_ZAK,PRIJEZD,ODJEZD,POCET_HOSTU,CISLO_POKOJE) values ('24','2',to_date('15.05.16','DD.MM.RR'),'10',to_date('29.03.19','DD.MM.RR'),to_date('23.11.17','DD.MM.RR'),'24','204');
Insert into REZERVACE_UBYTOVANI (ID_REZ,ID_ZAM,DATUM_REZERVACE,ID_ZAK,PRIJEZD,ODJEZD,POCET_HOSTU,CISLO_POKOJE) values ('25','15',to_date('25.07.18','DD.MM.RR'),'18',to_date('26.09.18','DD.MM.RR'),to_date('26.12.18','DD.MM.RR'),'25','205');
Insert into REZERVACE_UBYTOVANI (ID_REZ,ID_ZAM,DATUM_REZERVACE,ID_ZAK,PRIJEZD,ODJEZD,POCET_HOSTU,CISLO_POKOJE) values ('26','2',to_date('13.08.17','DD.MM.RR'),'24',to_date('13.03.19','DD.MM.RR'),to_date('11.11.19','DD.MM.RR'),'26','206');
Insert into REZERVACE_UBYTOVANI (ID_REZ,ID_ZAM,DATUM_REZERVACE,ID_ZAK,PRIJEZD,ODJEZD,POCET_HOSTU,CISLO_POKOJE) values ('27','12',to_date('27.05.19','DD.MM.RR'),'47',to_date('04.07.17','DD.MM.RR'),to_date('16.03.17','DD.MM.RR'),'27','207');
Insert into REZERVACE_UBYTOVANI (ID_REZ,ID_ZAM,DATUM_REZERVACE,ID_ZAK,PRIJEZD,ODJEZD,POCET_HOSTU,CISLO_POKOJE) values ('28','20',to_date('02.09.17','DD.MM.RR'),'18',to_date('26.03.17','DD.MM.RR'),to_date('17.08.19','DD.MM.RR'),'28','208');
Insert into REZERVACE_UBYTOVANI (ID_REZ,ID_ZAM,DATUM_REZERVACE,ID_ZAK,PRIJEZD,ODJEZD,POCET_HOSTU,CISLO_POKOJE) values ('29','10',to_date('22.10.17','DD.MM.RR'),'17',to_date('27.05.18','DD.MM.RR'),to_date('21.10.18','DD.MM.RR'),'29','209');
Insert into REZERVACE_UBYTOVANI (ID_REZ,ID_ZAM,DATUM_REZERVACE,ID_ZAK,PRIJEZD,ODJEZD,POCET_HOSTU,CISLO_POKOJE) values ('30','13',to_date('29.09.18','DD.MM.RR'),'3',to_date('18.11.17','DD.MM.RR'),to_date('06.04.17','DD.MM.RR'),'30','210');
Insert into REZERVACE_UBYTOVANI (ID_REZ,ID_ZAM,DATUM_REZERVACE,ID_ZAK,PRIJEZD,ODJEZD,POCET_HOSTU,CISLO_POKOJE) values ('31','14',to_date('09.01.18','DD.MM.RR'),'16',to_date('13.03.17','DD.MM.RR'),to_date('01.07.17','DD.MM.RR'),'31','101');
Insert into REZERVACE_UBYTOVANI (ID_REZ,ID_ZAM,DATUM_REZERVACE,ID_ZAK,PRIJEZD,ODJEZD,POCET_HOSTU,CISLO_POKOJE) values ('32','3',to_date('15.11.16','DD.MM.RR'),'2',to_date('07.09.19','DD.MM.RR'),to_date('04.06.16','DD.MM.RR'),'32','102');
Insert into REZERVACE_UBYTOVANI (ID_REZ,ID_ZAM,DATUM_REZERVACE,ID_ZAK,PRIJEZD,ODJEZD,POCET_HOSTU,CISLO_POKOJE) values ('33','8',to_date('08.04.19','DD.MM.RR'),'29',to_date('22.02.19','DD.MM.RR'),to_date('21.03.18','DD.MM.RR'),'33','103');
Insert into REZERVACE_UBYTOVANI (ID_REZ,ID_ZAM,DATUM_REZERVACE,ID_ZAK,PRIJEZD,ODJEZD,POCET_HOSTU,CISLO_POKOJE) values ('34','18',to_date('24.12.18','DD.MM.RR'),'30',to_date('28.03.18','DD.MM.RR'),to_date('27.05.16','DD.MM.RR'),'34','104');
Insert into REZERVACE_UBYTOVANI (ID_REZ,ID_ZAM,DATUM_REZERVACE,ID_ZAK,PRIJEZD,ODJEZD,POCET_HOSTU,CISLO_POKOJE) values ('35','6',to_date('04.09.18','DD.MM.RR'),'32',to_date('12.09.16','DD.MM.RR'),to_date('25.04.17','DD.MM.RR'),'35','105');
Insert into REZERVACE_UBYTOVANI (ID_REZ,ID_ZAM,DATUM_REZERVACE,ID_ZAK,PRIJEZD,ODJEZD,POCET_HOSTU,CISLO_POKOJE) values ('36','15',to_date('04.12.19','DD.MM.RR'),'1',to_date('07.03.17','DD.MM.RR'),to_date('18.01.17','DD.MM.RR'),'36','106');
Insert into REZERVACE_UBYTOVANI (ID_REZ,ID_ZAM,DATUM_REZERVACE,ID_ZAK,PRIJEZD,ODJEZD,POCET_HOSTU,CISLO_POKOJE) values ('37','5',to_date('29.05.18','DD.MM.RR'),'45',to_date('31.05.19','DD.MM.RR'),to_date('30.12.18','DD.MM.RR'),'37','107');
Insert into REZERVACE_UBYTOVANI (ID_REZ,ID_ZAM,DATUM_REZERVACE,ID_ZAK,PRIJEZD,ODJEZD,POCET_HOSTU,CISLO_POKOJE) values ('38','20',to_date('06.03.17','DD.MM.RR'),'24',to_date('16.03.16','DD.MM.RR'),to_date('13.02.18','DD.MM.RR'),'38','108');
Insert into REZERVACE_UBYTOVANI (ID_REZ,ID_ZAM,DATUM_REZERVACE,ID_ZAK,PRIJEZD,ODJEZD,POCET_HOSTU,CISLO_POKOJE) values ('39','13',to_date('06.01.18','DD.MM.RR'),'3',to_date('18.09.19','DD.MM.RR'),to_date('26.06.17','DD.MM.RR'),'39','109');
Insert into REZERVACE_UBYTOVANI (ID_REZ,ID_ZAM,DATUM_REZERVACE,ID_ZAK,PRIJEZD,ODJEZD,POCET_HOSTU,CISLO_POKOJE) values ('40','5',to_date('09.12.19','DD.MM.RR'),'36',to_date('11.04.18','DD.MM.RR'),to_date('30.03.19','DD.MM.RR'),'40','110');
Insert into REZERVACE_UBYTOVANI (ID_REZ,ID_ZAM,DATUM_REZERVACE,ID_ZAK,PRIJEZD,ODJEZD,POCET_HOSTU,CISLO_POKOJE) values ('41','7',to_date('28.10.17','DD.MM.RR'),'17',to_date('21.07.19','DD.MM.RR'),to_date('09.10.16','DD.MM.RR'),'41','201');
Insert into REZERVACE_UBYTOVANI (ID_REZ,ID_ZAM,DATUM_REZERVACE,ID_ZAK,PRIJEZD,ODJEZD,POCET_HOSTU,CISLO_POKOJE) values ('42','7',to_date('03.06.18','DD.MM.RR'),'49',to_date('30.12.19','DD.MM.RR'),to_date('31.12.19','DD.MM.RR'),'42','202');
Insert into REZERVACE_UBYTOVANI (ID_REZ,ID_ZAM,DATUM_REZERVACE,ID_ZAK,PRIJEZD,ODJEZD,POCET_HOSTU,CISLO_POKOJE) values ('43','13',to_date('25.03.17','DD.MM.RR'),'43',to_date('29.11.17','DD.MM.RR'),to_date('26.12.17','DD.MM.RR'),'43','203');
Insert into REZERVACE_UBYTOVANI (ID_REZ,ID_ZAM,DATUM_REZERVACE,ID_ZAK,PRIJEZD,ODJEZD,POCET_HOSTU,CISLO_POKOJE) values ('44','17',to_date('11.08.17','DD.MM.RR'),'13',to_date('14.11.16','DD.MM.RR'),to_date('09.03.16','DD.MM.RR'),'44','204');
Insert into REZERVACE_UBYTOVANI (ID_REZ,ID_ZAM,DATUM_REZERVACE,ID_ZAK,PRIJEZD,ODJEZD,POCET_HOSTU,CISLO_POKOJE) values ('45','7',to_date('21.06.19','DD.MM.RR'),'34',to_date('11.01.19','DD.MM.RR'),to_date('18.10.16','DD.MM.RR'),'45','205');
Insert into REZERVACE_UBYTOVANI (ID_REZ,ID_ZAM,DATUM_REZERVACE,ID_ZAK,PRIJEZD,ODJEZD,POCET_HOSTU,CISLO_POKOJE) values ('46','3',to_date('09.07.18','DD.MM.RR'),'15',to_date('11.12.18','DD.MM.RR'),to_date('27.06.18','DD.MM.RR'),'46','206');
Insert into REZERVACE_UBYTOVANI (ID_REZ,ID_ZAM,DATUM_REZERVACE,ID_ZAK,PRIJEZD,ODJEZD,POCET_HOSTU,CISLO_POKOJE) values ('47','8',to_date('29.06.16','DD.MM.RR'),'19',to_date('07.11.16','DD.MM.RR'),to_date('07.09.16','DD.MM.RR'),'47','207');
Insert into REZERVACE_UBYTOVANI (ID_REZ,ID_ZAM,DATUM_REZERVACE,ID_ZAK,PRIJEZD,ODJEZD,POCET_HOSTU,CISLO_POKOJE) values ('48','4',to_date('25.02.16','DD.MM.RR'),'15',to_date('20.01.19','DD.MM.RR'),to_date('06.05.19','DD.MM.RR'),'48','208');
Insert into REZERVACE_UBYTOVANI (ID_REZ,ID_ZAM,DATUM_REZERVACE,ID_ZAK,PRIJEZD,ODJEZD,POCET_HOSTU,CISLO_POKOJE) values ('49','19',to_date('07.08.18','DD.MM.RR'),'5',to_date('07.09.19','DD.MM.RR'),to_date('10.12.16','DD.MM.RR'),'49','209');
Insert into REZERVACE_UBYTOVANI (ID_REZ,ID_ZAM,DATUM_REZERVACE,ID_ZAK,PRIJEZD,ODJEZD,POCET_HOSTU,CISLO_POKOJE) values ('50','10',to_date('14.07.18','DD.MM.RR'),'49',to_date('01.12.19','DD.MM.RR'),to_date('26.10.19','DD.MM.RR'),'50','210');
Insert into REZERVACE_UBYTOVANI (ID_REZ,ID_ZAM,DATUM_REZERVACE,ID_ZAK,PRIJEZD,ODJEZD,POCET_HOSTU,CISLO_POKOJE) values ('51','7',to_date('14.07.18','DD.MM.RR'),'5',to_date('27.10.19','DD.MM.RR'),to_date('24.12.20','DD.MM.RR'),'1','301');
Insert into REZERVACE_UBYTOVANI (ID_REZ,ID_ZAM,DATUM_REZERVACE,ID_ZAK,PRIJEZD,ODJEZD,POCET_HOSTU,CISLO_POKOJE) values ('52','11',to_date('03.06.18','DD.MM.RR'),'11',to_date('27.12.19','DD.MM.RR'),to_date('28.12.19','DD.MM.RR'),'1','302');
Insert into REZERVACE_UBYTOVANI (ID_REZ,ID_ZAM,DATUM_REZERVACE,ID_ZAK,PRIJEZD,ODJEZD,POCET_HOSTU,CISLO_POKOJE) values ('53','4',to_date('04.12.19','DD.MM.RR'),'37',to_date('20.12.19','DD.MM.RR'),to_date('30.12.19','DD.MM.RR'),'2','303');
Insert into REZERVACE_UBYTOVANI (ID_REZ,ID_ZAM,DATUM_REZERVACE,ID_ZAK,PRIJEZD,ODJEZD,POCET_HOSTU,CISLO_POKOJE) values ('54','15',to_date('15.11.16','DD.MM.RR'),'47',to_date('27.12.19','DD.MM.RR'),to_date('02.02.20','DD.MM.RR'),'1','304');
Insert into REZERVACE_UBYTOVANI (ID_REZ,ID_ZAM,DATUM_REZERVACE,ID_ZAK,PRIJEZD,ODJEZD,POCET_HOSTU,CISLO_POKOJE) values ('55','18',to_date('15.11.16','DD.MM.RR'),'34',to_date('08.02.20','DD.MM.RR'),to_date('10.02.20','DD.MM.RR'),'1','304');
Insert into REZERVACE_UBYTOVANI (ID_REZ,ID_ZAM,DATUM_REZERVACE,ID_ZAK,PRIJEZD,ODJEZD,POCET_HOSTU,CISLO_POKOJE) values ('56','18',to_date('15.11.16','DD.MM.RR'),'1',to_date('29.11.17','DD.MM.RR'),to_date('29.12.17','DD.MM.RR'),'2','305');
Insert into REZERVACE_UBYTOVANI (ID_REZ,ID_ZAM,DATUM_REZERVACE,ID_ZAK,PRIJEZD,ODJEZD,POCET_HOSTU,CISLO_POKOJE) values ('57','13',to_date('15.06.16','DD.MM.RR'),'1',to_date('29.11.17','DD.MM.RR'),to_date('29.12.17','DD.MM.RR'),'2','310');
REM INSERTING into ROZVRH_EXTERNISTA
SET DEFINE OFF;
REM INSERTING into SLUZBA
SET DEFINE OFF;
Insert into SLUZBA (KOD_SLUZBA,NAZEV_SLUZBY,POZNAMKA) values ('KUL1','Kulecnik',null);
Insert into SLUZBA (KOD_SLUZBA,NAZEV_SLUZBY,POZNAMKA) values ('TEN1','Tenis',null);
Insert into SLUZBA (KOD_SLUZBA,NAZEV_SLUZBY,POZNAMKA) values ('TEN2','Tenis',null);
Insert into SLUZBA (KOD_SLUZBA,NAZEV_SLUZBY,POZNAMKA) values ('SAU','Sauna',null);
REM INSERTING into STRAVOVANI
SET DEFINE OFF;
insert into STRAVOVANI (id_rez, TYP_012, VEGAN_AN, POZNAMKA, CENA) values ('1', '1', 'A', null, '5');
insert into STRAVOVANI (id_rez, TYP_012, VEGAN_AN, POZNAMKA, CENA) values ('2', '2', 'A', 'duis', '5');
insert into STRAVOVANI (id_rez, TYP_012, VEGAN_AN, POZNAMKA, CENA) values ('3', '1', 'N', 'turpis eget', '7');
insert into STRAVOVANI (id_rez, TYP_012, VEGAN_AN, POZNAMKA, CENA) values ('4', '1', 'N', null, '6');
insert into STRAVOVANI (id_rez, TYP_012, VEGAN_AN, POZNAMKA, CENA) values ('5', '2', 'A', null, '8');
insert into STRAVOVANI (id_rez, TYP_012, VEGAN_AN, POZNAMKA, CENA) values ('6', '2', 'N', null, '8');
insert into STRAVOVANI (id_rez, TYP_012, VEGAN_AN, POZNAMKA, CENA) values ('7', '1', 'A', null, '8');
insert into STRAVOVANI (id_rez, TYP_012, VEGAN_AN, POZNAMKA, CENA) values ('8', '2', 'A', null, '8');
insert into STRAVOVANI (id_rez, TYP_012, VEGAN_AN, POZNAMKA, CENA) values ('9', '0', 'N', 'turpis a pede', '8');
insert into STRAVOVANI (id_rez, TYP_012, VEGAN_AN, POZNAMKA, CENA) values ('10', '2', 'N', 'justo', '5');
insert into STRAVOVANI (id_rez, TYP_012, VEGAN_AN, POZNAMKA, CENA) values ('11', '2', 'A', null, '5');
insert into STRAVOVANI (id_rez, TYP_012, VEGAN_AN, POZNAMKA, CENA) values ('12', '2', 'N', 'erat quisque', '6');
insert into STRAVOVANI (id_rez, TYP_012, VEGAN_AN, POZNAMKA, CENA) values ('13', '1', 'A', 'vestibulum', '8');
insert into STRAVOVANI (id_rez, TYP_012, VEGAN_AN, POZNAMKA, CENA) values ('14', '1', 'N', null, '7');
insert into STRAVOVANI (id_rez, TYP_012, VEGAN_AN, POZNAMKA, CENA) values ('15', '0', 'N', null, '5');
insert into STRAVOVANI (id_rez, TYP_012, VEGAN_AN, POZNAMKA, CENA) values ('16', '2', 'N', 'in ante vestibulum', '8');
insert into STRAVOVANI (id_rez, TYP_012, VEGAN_AN, POZNAMKA, CENA) values ('17', '0', 'N', 'metus aenean fermentum', '5');
insert into STRAVOVANI (id_rez, TYP_012, VEGAN_AN, POZNAMKA, CENA) values ('18', '1', 'A', null, '7');
insert into STRAVOVANI (id_rez, TYP_012, VEGAN_AN, POZNAMKA, CENA) values ('19', '1', 'A', null, '7');
insert into STRAVOVANI (id_rez, TYP_012, VEGAN_AN, POZNAMKA, CENA) values ('20', '2', 'A', 'eleifend quam', '5');
insert into STRAVOVANI (id_rez, TYP_012, VEGAN_AN, POZNAMKA, CENA) values ('21', '0', 'A', null, '5');
insert into STRAVOVANI (id_rez, TYP_012, VEGAN_AN, POZNAMKA, CENA) values ('22', '0', 'N', null, '6');
insert into STRAVOVANI (id_rez, TYP_012, VEGAN_AN, POZNAMKA, CENA) values ('23', '1', 'N', null, '6');
insert into STRAVOVANI (id_rez, TYP_012, VEGAN_AN, POZNAMKA, CENA) values ('24', '2', 'N', 'turpis donec', '8');
insert into STRAVOVANI (id_rez, TYP_012, VEGAN_AN, POZNAMKA, CENA) values ('25', '1', 'A', null, '7');
insert into STRAVOVANI (id_rez, TYP_012, VEGAN_AN, POZNAMKA, CENA) values ('26', '0', 'N', null, '6');
insert into STRAVOVANI (id_rez, TYP_012, VEGAN_AN, POZNAMKA, CENA) values ('27', '0', 'A', 'rhoncus aliquam', '5');
insert into STRAVOVANI (id_rez, TYP_012, VEGAN_AN, POZNAMKA, CENA) values ('28', '1', 'A', null, '8');
insert into STRAVOVANI (id_rez, TYP_012, VEGAN_AN, POZNAMKA, CENA) values ('29', '2', 'N', 'dictumst', '6');
insert into STRAVOVANI (id_rez, TYP_012, VEGAN_AN, POZNAMKA, CENA) values ('30', '1', 'A', null, '6');
insert into STRAVOVANI (id_rez, TYP_012, VEGAN_AN, POZNAMKA, CENA) values ('31', '1', 'A', null, '7');
insert into STRAVOVANI (id_rez, TYP_012, VEGAN_AN, POZNAMKA, CENA) values ('32', '1', 'A', 'tempus', '8');
insert into STRAVOVANI (id_rez, TYP_012, VEGAN_AN, POZNAMKA, CENA) values ('33', '0', 'N', null, '7');
insert into STRAVOVANI (id_rez, TYP_012, VEGAN_AN, POZNAMKA, CENA) values ('34', '2', 'A', 'leo odio', '6');
insert into STRAVOVANI (id_rez, TYP_012, VEGAN_AN, POZNAMKA, CENA) values ('35', '0', 'N', 'vestibulum vestibulum ante', '6');
insert into STRAVOVANI (id_rez, TYP_012, VEGAN_AN, POZNAMKA, CENA) values ('36', '2', 'A', null, '6');
insert into STRAVOVANI (id_rez, TYP_012, VEGAN_AN, POZNAMKA, CENA) values ('37', '0', 'A', null, '5');
insert into STRAVOVANI (id_rez, TYP_012, VEGAN_AN, POZNAMKA, CENA) values ('38', '1', 'A', null, '6');
insert into STRAVOVANI (id_rez, TYP_012, VEGAN_AN, POZNAMKA, CENA) values ('39', '0', 'A', 'orci mauris', '8');
insert into STRAVOVANI (id_rez, TYP_012, VEGAN_AN, POZNAMKA, CENA) values ('40', '0', 'N', 'ligula sit', '5');
insert into STRAVOVANI (id_rez, TYP_012, VEGAN_AN, POZNAMKA, CENA) values ('41', '0', 'N', 'nascetur ridiculus mus', '6');
insert into STRAVOVANI (id_rez, TYP_012, VEGAN_AN, POZNAMKA, CENA) values ('42', '2', 'A', 'luctus ultricies eu', '8');
insert into STRAVOVANI (id_rez, TYP_012, VEGAN_AN, POZNAMKA, CENA) values ('43', '0', 'N', 'in faucibus', '5');
insert into STRAVOVANI (id_rez, TYP_012, VEGAN_AN, POZNAMKA, CENA) values ('44', '2', 'N', null, '7');
insert into STRAVOVANI (id_rez, TYP_012, VEGAN_AN, POZNAMKA, CENA) values ('45', '0', 'N', 'dolor', '8');
insert into STRAVOVANI (id_rez, TYP_012, VEGAN_AN, POZNAMKA, CENA) values ('46', '0', 'N', null, '7');
insert into STRAVOVANI (id_rez, TYP_012, VEGAN_AN, POZNAMKA, CENA) values ('47', '1', 'A', null, '6');
insert into STRAVOVANI (id_rez, TYP_012, VEGAN_AN, POZNAMKA, CENA) values ('48', '0', 'A', null, '8');
insert into STRAVOVANI (id_rez, TYP_012, VEGAN_AN, POZNAMKA, CENA) values ('49', '1', 'N', 'risus praesent', '8');
insert into STRAVOVANI (id_rez, TYP_012, VEGAN_AN, POZNAMKA, CENA) values ('50', '2', 'N', 'sed interdum venenatis', '5');
insert into STRAVOVANI (id_rez, TYP_012, VEGAN_AN, POZNAMKA, CENA) values ('51', '2', 'N', 'diam', '6');
insert into STRAVOVANI (id_rez, TYP_012, VEGAN_AN, POZNAMKA, CENA) values ('52', '0', 'A', 'quis justo maecenas', '5');
insert into STRAVOVANI (id_rez, TYP_012, VEGAN_AN, POZNAMKA, CENA) values ('53', '1', 'A', null, '8');
insert into STRAVOVANI (id_rez, TYP_012, VEGAN_AN, POZNAMKA, CENA) values ('54', '1', 'A', null, '7');
insert into STRAVOVANI (id_rez, TYP_012, VEGAN_AN, POZNAMKA, CENA) values ('55', '0', 'A', null, '8');
insert into STRAVOVANI (id_rez, TYP_012, VEGAN_AN, POZNAMKA, CENA) values ('56', '0', 'A', 'pellentesque at nulla', '7');
insert into STRAVOVANI (id_rez, TYP_012, VEGAN_AN, POZNAMKA, CENA) values ('57', '1', 'N', 'imperdiet nullam', '8');
insert into STRAVOVANI (id_rez, TYP_012, VEGAN_AN, POZNAMKA, CENA) values ('55', '2', 'N', null, '8');
insert into STRAVOVANI (id_rez, TYP_012, VEGAN_AN, POZNAMKA, CENA) values ('44', '1', 'N', null, '7');
insert into STRAVOVANI (id_rez, TYP_012, VEGAN_AN, POZNAMKA, CENA) values ('14', '0', 'N', 'diam', '7');
insert into STRAVOVANI (id_rez, TYP_012, VEGAN_AN, POZNAMKA, CENA) values ('7', '0', 'A', null, '0');
insert into STRAVOVANI (id_rez, TYP_012, VEGAN_AN, POZNAMKA, CENA) values ('7', '2', 'A', null, '8');
insert into STRAVOVANI (id_rez, TYP_012, VEGAN_AN, POZNAMKA, CENA) values ('30', '0', 'A', null, '0');
insert into STRAVOVANI (id_rez, TYP_012, VEGAN_AN, POZNAMKA, CENA) values ('30', '2', 'A', null, '6');

REM INSERTING into ZAKAZNIK
SET DEFINE OFF;
Insert into ZAKAZNIK (ID_ZAK,JMENO,PRIJMENI,DATUM_NAROZENI,TELEFONNI_CISLO,EMAIL,KOD_STAT) values ('1','Calida','Pritchett',to_date('16.10.89','DD.MM.RR'),'+380 (959) 105-4949',null,'UA');
Insert into ZAKAZNIK (ID_ZAK,JMENO,PRIJMENI,DATUM_NAROZENI,TELEFONNI_CISLO,EMAIL,KOD_STAT) values ('2','Amelia','Wanne',to_date('30.03.73','DD.MM.RR'),'+31 (702) 439-9192',null,'NL');
Insert into ZAKAZNIK (ID_ZAK,JMENO,PRIJMENI,DATUM_NAROZENI,TELEFONNI_CISLO,EMAIL,KOD_STAT) values ('3','Falkner','Engledow',to_date('05.05.76','DD.MM.RR'),'+994 (859) 318-8397','fengledow2@moonfruit.com','AZ');
Insert into ZAKAZNIK (ID_ZAK,JMENO,PRIJMENI,DATUM_NAROZENI,TELEFONNI_CISLO,EMAIL,KOD_STAT) values ('4','Cherlyn','Ibel',to_date('13.05.63','DD.MM.RR'),'+375 (723) 238-0032',null,'BY');
Insert into ZAKAZNIK (ID_ZAK,JMENO,PRIJMENI,DATUM_NAROZENI,TELEFONNI_CISLO,EMAIL,KOD_STAT) values ('5','Joelly','Fosbraey',to_date('18.04.88','DD.MM.RR'),'+62 (222) 905-1223',null,'ID');
Insert into ZAKAZNIK (ID_ZAK,JMENO,PRIJMENI,DATUM_NAROZENI,TELEFONNI_CISLO,EMAIL,KOD_STAT) values ('6','Tanitansy','Thompson',to_date('25.10.72','DD.MM.RR'),'+372 (486) 286-8511',null,'EE');
Insert into ZAKAZNIK (ID_ZAK,JMENO,PRIJMENI,DATUM_NAROZENI,TELEFONNI_CISLO,EMAIL,KOD_STAT) values ('7','Bernadene','Jesty',to_date('09.06.77','DD.MM.RR'),'+98 (103) 218-0873','bjesty6@youtu.be','IR');
Insert into ZAKAZNIK (ID_ZAK,JMENO,PRIJMENI,DATUM_NAROZENI,TELEFONNI_CISLO,EMAIL,KOD_STAT) values ('8','Nathaniel','Corington',to_date('29.12.60','DD.MM.RR'),'+255 (541) 105-1143','ncorington7@nbcnews.com','TZ');
Insert into ZAKAZNIK (ID_ZAK,JMENO,PRIJMENI,DATUM_NAROZENI,TELEFONNI_CISLO,EMAIL,KOD_STAT) values ('9','Marcie','Buddell',to_date('21.09.85','DD.MM.RR'),'+55 (859) 534-0298','mbuddell8@reference.com','BR');
Insert into ZAKAZNIK (ID_ZAK,JMENO,PRIJMENI,DATUM_NAROZENI,TELEFONNI_CISLO,EMAIL,KOD_STAT) values ('10','Velma','Manders',to_date('23.07.54','DD.MM.RR'),'+86 (622) 838-5335','vmanders9@geocities.com','CN');
Insert into ZAKAZNIK (ID_ZAK,JMENO,PRIJMENI,DATUM_NAROZENI,TELEFONNI_CISLO,EMAIL,KOD_STAT) values ('11','Katharine','Towe',to_date('29.06.68','DD.MM.RR'),'+57 (686) 593-9177','ktowea@guardian.co.uk','CO');
Insert into ZAKAZNIK (ID_ZAK,JMENO,PRIJMENI,DATUM_NAROZENI,TELEFONNI_CISLO,EMAIL,KOD_STAT) values ('12','Deni','Premble',to_date('28.11.96','DD.MM.RR'),'+86 (434) 438-9540',null,'CN');
Insert into ZAKAZNIK (ID_ZAK,JMENO,PRIJMENI,DATUM_NAROZENI,TELEFONNI_CISLO,EMAIL,KOD_STAT) values ('13','Rhiamon','Niccols',to_date('06.12.71','DD.MM.RR'),'+689 (581) 947-4826',null,'PF');
Insert into ZAKAZNIK (ID_ZAK,JMENO,PRIJMENI,DATUM_NAROZENI,TELEFONNI_CISLO,EMAIL,KOD_STAT) values ('14','Purcell','Goskar',to_date('06.05.73','DD.MM.RR'),'+30 (479) 893-7438','pgoskard@sogou.com','GR');
Insert into ZAKAZNIK (ID_ZAK,JMENO,PRIJMENI,DATUM_NAROZENI,TELEFONNI_CISLO,EMAIL,KOD_STAT) values ('15','Ram','Lehrle',to_date('14.08.92','DD.MM.RR'),'+33 (530) 648-1337','rlehrlee@yahoo.co.jp','FR');
Insert into ZAKAZNIK (ID_ZAK,JMENO,PRIJMENI,DATUM_NAROZENI,TELEFONNI_CISLO,EMAIL,KOD_STAT) values ('16','Sallyanne','Elgood',to_date('09.01.76','DD.MM.RR'),'+86 (392) 733-5087',null,'CN');
Insert into ZAKAZNIK (ID_ZAK,JMENO,PRIJMENI,DATUM_NAROZENI,TELEFONNI_CISLO,EMAIL,KOD_STAT) values ('17','Carmine','Lawranson',to_date('02.05.92','DD.MM.RR'),'+380 (693) 153-1637','clawransong@list-manage.com','UA');
Insert into ZAKAZNIK (ID_ZAK,JMENO,PRIJMENI,DATUM_NAROZENI,TELEFONNI_CISLO,EMAIL,KOD_STAT) values ('18','Tiffanie','Tennet',to_date('17.05.60','DD.MM.RR'),'+86 (928) 936-3655',null,'CN');
Insert into ZAKAZNIK (ID_ZAK,JMENO,PRIJMENI,DATUM_NAROZENI,TELEFONNI_CISLO,EMAIL,KOD_STAT) values ('19','Niall','Meale',to_date('06.11.85','DD.MM.RR'),'+1 (914) 684-5190','nmealei@independent.co.uk','US');
Insert into ZAKAZNIK (ID_ZAK,JMENO,PRIJMENI,DATUM_NAROZENI,TELEFONNI_CISLO,EMAIL,KOD_STAT) values ('20','Duffy','Carnegie',to_date('22.08.85','DD.MM.RR'),'+850 (732) 755-0645','dcarnegiej@squidoo.com','KP');
Insert into ZAKAZNIK (ID_ZAK,JMENO,PRIJMENI,DATUM_NAROZENI,TELEFONNI_CISLO,EMAIL,KOD_STAT) values ('21','Elfrieda','Thunnerclef',to_date('14.12.54','DD.MM.RR'),'+63 (312) 717-7363','ethunnerclefk@loc.gov','PH');
Insert into ZAKAZNIK (ID_ZAK,JMENO,PRIJMENI,DATUM_NAROZENI,TELEFONNI_CISLO,EMAIL,KOD_STAT) values ('22','Adams','Atkin',to_date('12.08.91','DD.MM.RR'),'+63 (266) 494-2819',null,'PH');
Insert into ZAKAZNIK (ID_ZAK,JMENO,PRIJMENI,DATUM_NAROZENI,TELEFONNI_CISLO,EMAIL,KOD_STAT) values ('23','Patricia','O''Donnell',to_date('08.03.51','DD.MM.RR'),'+51 (267) 853-3490','podonnellm@oakley.com','PE');
Insert into ZAKAZNIK (ID_ZAK,JMENO,PRIJMENI,DATUM_NAROZENI,TELEFONNI_CISLO,EMAIL,KOD_STAT) values ('24','Baldwin','Baggaley',to_date('23.04.55','DD.MM.RR'),'+7 (317) 232-9950',null,'RU');
Insert into ZAKAZNIK (ID_ZAK,JMENO,PRIJMENI,DATUM_NAROZENI,TELEFONNI_CISLO,EMAIL,KOD_STAT) values ('25','Oralle','Sivyour',to_date('17.06.55','DD.MM.RR'),'+966 (644) 457-3363',null,'SA');
Insert into ZAKAZNIK (ID_ZAK,JMENO,PRIJMENI,DATUM_NAROZENI,TELEFONNI_CISLO,EMAIL,KOD_STAT) values ('26','Elisabetta','Fabbro',to_date('29.12.64','DD.MM.RR'),'+27 (263) 175-4961',null,'ZA');
Insert into ZAKAZNIK (ID_ZAK,JMENO,PRIJMENI,DATUM_NAROZENI,TELEFONNI_CISLO,EMAIL,KOD_STAT) values ('27','Jan','Capek',to_date('27.09.97','DD.MM.RR'),'+420 (712) 393-3198',null,'CZ');
Insert into ZAKAZNIK (ID_ZAK,JMENO,PRIJMENI,DATUM_NAROZENI,TELEFONNI_CISLO,EMAIL,KOD_STAT) values ('28','Bendicty','Jendrach',to_date('30.08.76','DD.MM.RR'),'+965 (585) 327-4299',null,'KW');
Insert into ZAKAZNIK (ID_ZAK,JMENO,PRIJMENI,DATUM_NAROZENI,TELEFONNI_CISLO,EMAIL,KOD_STAT) values ('29','Bernadine','Redihough',to_date('31.03.91','DD.MM.RR'),'+46 (585) 847-8853','bredihoughs@sun.com','SE');
Insert into ZAKAZNIK (ID_ZAK,JMENO,PRIJMENI,DATUM_NAROZENI,TELEFONNI_CISLO,EMAIL,KOD_STAT) values ('30','Dena','Toomer',to_date('27.10.85','DD.MM.RR'),'+62 (808) 489-0849',null,'ID');
Insert into ZAKAZNIK (ID_ZAK,JMENO,PRIJMENI,DATUM_NAROZENI,TELEFONNI_CISLO,EMAIL,KOD_STAT) values ('31','Nadean','Hightown',to_date('01.06.97','DD.MM.RR'),'+81 (639) 719-1326',null,'JP');
Insert into ZAKAZNIK (ID_ZAK,JMENO,PRIJMENI,DATUM_NAROZENI,TELEFONNI_CISLO,EMAIL,KOD_STAT) values ('32','Sophronia','Issit',to_date('03.02.60','DD.MM.RR'),'+351 (186) 836-3972','sissitv@printfriendly.com','PT');
Insert into ZAKAZNIK (ID_ZAK,JMENO,PRIJMENI,DATUM_NAROZENI,TELEFONNI_CISLO,EMAIL,KOD_STAT) values ('33','Guillaume','Jelliman',to_date('22.09.80','DD.MM.RR'),'+81 (428) 564-9376',null,'JP');
Insert into ZAKAZNIK (ID_ZAK,JMENO,PRIJMENI,DATUM_NAROZENI,TELEFONNI_CISLO,EMAIL,KOD_STAT) values ('34','Cati','Lortz',to_date('17.08.96','DD.MM.RR'),'+86 (642) 806-5932','clortzx@netvibes.com','CN');
Insert into ZAKAZNIK (ID_ZAK,JMENO,PRIJMENI,DATUM_NAROZENI,TELEFONNI_CISLO,EMAIL,KOD_STAT) values ('35','Garth','Thynne',to_date('04.07.74','DD.MM.RR'),'+86 (335) 581-9706',null,'CN');
Insert into ZAKAZNIK (ID_ZAK,JMENO,PRIJMENI,DATUM_NAROZENI,TELEFONNI_CISLO,EMAIL,KOD_STAT) values ('36','Hasty','Hucquart',to_date('14.12.58','DD.MM.RR'),'+254 (626) 806-5090','hhucquartz@clickbank.net','KE');
Insert into ZAKAZNIK (ID_ZAK,JMENO,PRIJMENI,DATUM_NAROZENI,TELEFONNI_CISLO,EMAIL,KOD_STAT) values ('37','Jake','Pargetter',to_date('15.02.56','DD.MM.RR'),'+62 (371) 513-4585','jpargetter10@icio.us','ID');
Insert into ZAKAZNIK (ID_ZAK,JMENO,PRIJMENI,DATUM_NAROZENI,TELEFONNI_CISLO,EMAIL,KOD_STAT) values ('38','Whittaker','Toolin',to_date('14.12.88','DD.MM.RR'),'+46 (706) 348-1704','wtoolin11@furl.net','SE');
Insert into ZAKAZNIK (ID_ZAK,JMENO,PRIJMENI,DATUM_NAROZENI,TELEFONNI_CISLO,EMAIL,KOD_STAT) values ('39','Ina','Gayden',to_date('01.11.54','DD.MM.RR'),'+1 (713) 778-3800','igayden12@accuweather.com','US');
Insert into ZAKAZNIK (ID_ZAK,JMENO,PRIJMENI,DATUM_NAROZENI,TELEFONNI_CISLO,EMAIL,KOD_STAT) values ('40','Rebeca','Dewey',to_date('07.11.60','DD.MM.RR'),'+55 (312) 740-9408','rdewey13@w3.org','BR');
Insert into ZAKAZNIK (ID_ZAK,JMENO,PRIJMENI,DATUM_NAROZENI,TELEFONNI_CISLO,EMAIL,KOD_STAT) values ('41','Brynn','Cochrane',to_date('30.04.77','DD.MM.RR'),'+62 (192) 411-6918','bcochrane14@hhs.gov','ID');
Insert into ZAKAZNIK (ID_ZAK,JMENO,PRIJMENI,DATUM_NAROZENI,TELEFONNI_CISLO,EMAIL,KOD_STAT) values ('42','Gabie','Bythell',to_date('05.09.60','DD.MM.RR'),'+63 (487) 362-3235',null,'PH');
Insert into ZAKAZNIK (ID_ZAK,JMENO,PRIJMENI,DATUM_NAROZENI,TELEFONNI_CISLO,EMAIL,KOD_STAT) values ('43','Merilyn','Cannan',to_date('07.12.77','DD.MM.RR'),'+62 (566) 678-5811',null,'ID');
Insert into ZAKAZNIK (ID_ZAK,JMENO,PRIJMENI,DATUM_NAROZENI,TELEFONNI_CISLO,EMAIL,KOD_STAT) values ('44','Melichar','Novak',to_date('09.12.96','DD.MM.RR'),'+420 (274) 962-8486',null,'CZ');
Insert into ZAKAZNIK (ID_ZAK,JMENO,PRIJMENI,DATUM_NAROZENI,TELEFONNI_CISLO,EMAIL,KOD_STAT) values ('45','Cyndy','Bryan',to_date('03.10.77','DD.MM.RR'),'+220 (498) 408-9024',null,'GM');
Insert into ZAKAZNIK (ID_ZAK,JMENO,PRIJMENI,DATUM_NAROZENI,TELEFONNI_CISLO,EMAIL,KOD_STAT) values ('47','Ema','Ephgrave',to_date('08.01.56','DD.MM.RR'),'+62 (618) 212-9021',null,'ID');
Insert into ZAKAZNIK (ID_ZAK,JMENO,PRIJMENI,DATUM_NAROZENI,TELEFONNI_CISLO,EMAIL,KOD_STAT) values ('48','Nessa','Gissop',to_date('05.03.71','DD.MM.RR'),'+1 (942) 720-8749','ngissop1b@cam.ac.uk','MS');
Insert into ZAKAZNIK (ID_ZAK,JMENO,PRIJMENI,DATUM_NAROZENI,TELEFONNI_CISLO,EMAIL,KOD_STAT) values ('49','Zorina','Hasely',to_date('20.12.60','DD.MM.RR'),'+52 (799) 147-4611',null,'MX');
Insert into ZAKAZNIK (ID_ZAK,JMENO,PRIJMENI,DATUM_NAROZENI,TELEFONNI_CISLO,EMAIL,KOD_STAT) values ('46','Delcine','Spick',to_date('23.12.91','DD.MM.RR'),'+62 (355) 976-3835',null,'ID');
Insert into ZAKAZNIK (ID_ZAK,JMENO,PRIJMENI,DATUM_NAROZENI,TELEFONNI_CISLO,EMAIL,KOD_STAT) values ('50','Vita','Waring',to_date('25.08.50','DD.MM.RR'),'+389 (262) 770-7918',null,'MK');
REM INSERTING into ZAMESTNANEC
SET DEFINE OFF;
Insert into ZAMESTNANEC (ID_ZAM,JMENO_ZAM,PRIJMENI_ZAM,DATUM_NASTUPU,DATUM_UKONCENI_PP,TELEFONNI_CISLO,MZDA) values ('1','Klaus','Weisberg',to_date('01.09.16','DD.MM.RR'),null,'+63 (350) 275-2573','1150');
Insert into ZAMESTNANEC (ID_ZAM,JMENO_ZAM,PRIJMENI_ZAM,DATUM_NASTUPU,DATUM_UKONCENI_PP,TELEFONNI_CISLO,MZDA) values ('2','Melantha','Tenant',to_date('01.09.16','DD.MM.RR'),null,'+7 (775) 622-2857','800');
Insert into ZAMESTNANEC (ID_ZAM,JMENO_ZAM,PRIJMENI_ZAM,DATUM_NASTUPU,DATUM_UKONCENI_PP,TELEFONNI_CISLO,MZDA) values ('3','Julita','Bocke',to_date('01.09.16','DD.MM.RR'),to_date('20.12.17','DD.MM.RR'),null,'810');
Insert into ZAMESTNANEC (ID_ZAM,JMENO_ZAM,PRIJMENI_ZAM,DATUM_NASTUPU,DATUM_UKONCENI_PP,TELEFONNI_CISLO,MZDA) values ('4','Rayner','Curnnok',to_date('01.09.16','DD.MM.RR'),null,'+48 (963) 834-1470','810');
Insert into ZAMESTNANEC (ID_ZAM,JMENO_ZAM,PRIJMENI_ZAM,DATUM_NASTUPU,DATUM_UKONCENI_PP,TELEFONNI_CISLO,MZDA) values ('5','Doro','Howselee',to_date('01.09.16','DD.MM.RR'),null,'+232 (452) 822-6140','810');
Insert into ZAMESTNANEC (ID_ZAM,JMENO_ZAM,PRIJMENI_ZAM,DATUM_NASTUPU,DATUM_UKONCENI_PP,TELEFONNI_CISLO,MZDA) values ('6','Giulia','Myrie',to_date('01.09.16','DD.MM.RR'),to_date('29.05.18','DD.MM.RR'),'+66 (687) 778-7356','780');
Insert into ZAMESTNANEC (ID_ZAM,JMENO_ZAM,PRIJMENI_ZAM,DATUM_NASTUPU,DATUM_UKONCENI_PP,TELEFONNI_CISLO,MZDA) values ('7','Ferdie','Willbond',to_date('01.09.16','DD.MM.RR'),to_date('30.08.18','DD.MM.RR'),'+86 (560) 587-2884','780');
Insert into ZAMESTNANEC (ID_ZAM,JMENO_ZAM,PRIJMENI_ZAM,DATUM_NASTUPU,DATUM_UKONCENI_PP,TELEFONNI_CISLO,MZDA) values ('8','Emelia','Johnstone',to_date('01.09.16','DD.MM.RR'),null,null,'810');
Insert into ZAMESTNANEC (ID_ZAM,JMENO_ZAM,PRIJMENI_ZAM,DATUM_NASTUPU,DATUM_UKONCENI_PP,TELEFONNI_CISLO,MZDA) values ('9','Esme','O''Curran',to_date('01.09.16','DD.MM.RR'),to_date('07.12.18','DD.MM.RR'),'+49 (322) 896-3870','600');
Insert into ZAMESTNANEC (ID_ZAM,JMENO_ZAM,PRIJMENI_ZAM,DATUM_NASTUPU,DATUM_UKONCENI_PP,TELEFONNI_CISLO,MZDA) values ('10','Otto','Chapelhow',to_date('01.09.16','DD.MM.RR'),null,'+1 (812) 898-2438','730');
Insert into ZAMESTNANEC (ID_ZAM,JMENO_ZAM,PRIJMENI_ZAM,DATUM_NASTUPU,DATUM_UKONCENI_PP,TELEFONNI_CISLO,MZDA) values ('11','Free','Crighton',to_date('01.09.16','DD.MM.RR'),to_date('29.12.18','DD.MM.RR'),'+58 (655) 890-6603','600');
Insert into ZAMESTNANEC (ID_ZAM,JMENO_ZAM,PRIJMENI_ZAM,DATUM_NASTUPU,DATUM_UKONCENI_PP,TELEFONNI_CISLO,MZDA) values ('12','Roana','Clarkin',to_date('13.07.18','DD.MM.RR'),to_date('15.11.18','DD.MM.RR'),null,'600');
Insert into ZAMESTNANEC (ID_ZAM,JMENO_ZAM,PRIJMENI_ZAM,DATUM_NASTUPU,DATUM_UKONCENI_PP,TELEFONNI_CISLO,MZDA) values ('13','Otto','Weber',to_date('20.12.17','DD.MM.RR'),null,'+355 (810) 829-6981','780');
Insert into ZAMESTNANEC (ID_ZAM,JMENO_ZAM,PRIJMENI_ZAM,DATUM_NASTUPU,DATUM_UKONCENI_PP,TELEFONNI_CISLO,MZDA) values ('14','Bobbette','Sowood',to_date('07.12.18','DD.MM.RR'),null,'+598 (824) 740-4718','730');
Insert into ZAMESTNANEC (ID_ZAM,JMENO_ZAM,PRIJMENI_ZAM,DATUM_NASTUPU,DATUM_UKONCENI_PP,TELEFONNI_CISLO,MZDA) values ('15','Nancie','Huerta',to_date('30.07.18','DD.MM.RR'),to_date('30.09.18','DD.MM.RR'),'+62 (697) 957-0155','600');
Insert into ZAMESTNANEC (ID_ZAM,JMENO_ZAM,PRIJMENI_ZAM,DATUM_NASTUPU,DATUM_UKONCENI_PP,TELEFONNI_CISLO,MZDA) values ('16','Klaus','Rappaport',to_date('17.06.17','DD.MM.RR'),to_date('17.12.18','DD.MM.RR'),'+55 (512) 516-5282','600');
Insert into ZAMESTNANEC (ID_ZAM,JMENO_ZAM,PRIJMENI_ZAM,DATUM_NASTUPU,DATUM_UKONCENI_PP,TELEFONNI_CISLO,MZDA) values ('17','Dane','Gobel',to_date('30.08.18','DD.MM.RR'),null,'+62 (679) 105-4737','780');
Insert into ZAMESTNANEC (ID_ZAM,JMENO_ZAM,PRIJMENI_ZAM,DATUM_NASTUPU,DATUM_UKONCENI_PP,TELEFONNI_CISLO,MZDA) values ('18','Janine','Comber',to_date('29.05.18','DD.MM.RR'),null,'+86 (473) 448-1255','780');
Insert into ZAMESTNANEC (ID_ZAM,JMENO_ZAM,PRIJMENI_ZAM,DATUM_NASTUPU,DATUM_UKONCENI_PP,TELEFONNI_CISLO,MZDA) values ('19','Robbin','Readwing',to_date('29.12.18','DD.MM.RR'),to_date('28.03.19','DD.MM.RR'),'+380 (654) 852-0352','720');
Insert into ZAMESTNANEC (ID_ZAM,JMENO_ZAM,PRIJMENI_ZAM,DATUM_NASTUPU,DATUM_UKONCENI_PP,TELEFONNI_CISLO,MZDA) values ('20','Hunt','Tattersill',to_date('28.03.19','DD.MM.RR'),null,'+86 (586) 794-1198','720');
Insert into ZAMESTNANEC (ID_ZAM,JMENO_ZAM,PRIJMENI_ZAM,DATUM_NASTUPU,DATUM_UKONCENI_PP,TELEFONNI_CISLO,MZDA) values ('21','Val','Gromov',to_date('28.07.18','DD.MM.RR'),null,'+86 (586) 796-1798','780');
Insert into ZAMESTNANEC (ID_ZAM,JMENO_ZAM,PRIJMENI_ZAM,DATUM_NASTUPU,DATUM_UKONCENI_PP,TELEFONNI_CISLO,MZDA) values ('22','Dmitri','Anisimov',to_date('28.07.17','DD.MM.RR'),to_date('28.07.18','DD.MM.RR'),'+86 (586) 796-1798','780');

--================================ROZVRH_EXTERNISTA================================
SET DEFINE OFF;
Insert into ROZVRH_EXTERNISTA (ID_PRA,DATUM,AKCE,POCET_LIDI) values ('1',to_date('28.06.17','DD.MM.RR'),'Pesi vylet',null);
Insert into ROZVRH_EXTERNISTA (ID_PRA,DATUM,AKCE,POCET_LIDI) values ('3',to_date('28.04.17','DD.MM.RR'),'Lyzovani',null);
Insert into ROZVRH_EXTERNISTA (ID_PRA,DATUM,AKCE,POCET_LIDI) values ('2',to_date('13.02.17','DD.MM.RR'),'snowbording',null);
Insert into ROZVRH_EXTERNISTA (ID_PRA,DATUM,AKCE,POCET_LIDI) values ('2',to_date('09.08.17','DD.MM.RR'),'snowbording',null);
Insert into ROZVRH_EXTERNISTA (ID_PRA,DATUM,AKCE,POCET_LIDI) values ('2',to_date('02.02.17','DD.MM.RR'),'snowbording',null);
Insert into ROZVRH_EXTERNISTA (ID_PRA,DATUM,AKCE,POCET_LIDI) values ('1',to_date('12.09.18','DD.MM.RR'),'Pesi vylet',null);
Insert into ROZVRH_EXTERNISTA (ID_PRA,DATUM,AKCE,POCET_LIDI) values ('2',to_date('12.12.19','DD.MM.RR'),'snowbording',null);
Insert into ROZVRH_EXTERNISTA (ID_PRA,DATUM,AKCE,POCET_LIDI) values ('1',to_date('01.11.17','DD.MM.RR'),'Pesi vylet',null);
Insert into ROZVRH_EXTERNISTA (ID_PRA,DATUM,AKCE,POCET_LIDI) values ('2',to_date('14.11.18','DD.MM.RR'),'snowbording',null);
Insert into ROZVRH_EXTERNISTA (ID_PRA,DATUM,AKCE,POCET_LIDI) values ('3',to_date('08.03.18','DD.MM.RR'),'snowbording',null);
Insert into ROZVRH_EXTERNISTA (ID_PRA,DATUM,AKCE,POCET_LIDI) values ('1',to_date('04.02.19','DD.MM.RR'),'Pesi vylet',null);
Insert into ROZVRH_EXTERNISTA (ID_PRA,DATUM,AKCE,POCET_LIDI) values ('2',to_date('12.11.17','DD.MM.RR'),'snowbording',null);
Insert into ROZVRH_EXTERNISTA (ID_PRA,DATUM,AKCE,POCET_LIDI) values ('1',to_date('15.04.20','DD.MM.RR'),'Pesi vylet',null);
Insert into ROZVRH_EXTERNISTA (ID_PRA,DATUM,AKCE,POCET_LIDI) values ('3',to_date('23.03.20','DD.MM.RR'),'Lyzovani',null);
Insert into ROZVRH_EXTERNISTA (ID_PRA,DATUM,AKCE,POCET_LIDI) values ('2',to_date('24.05.18','DD.MM.RR'),'Lyzovani',null);
Insert into ROZVRH_EXTERNISTA (ID_PRA,DATUM,AKCE,POCET_LIDI) values ('2',to_date('21.10.16','DD.MM.RR'),'Lyzovani',null);
Insert into ROZVRH_EXTERNISTA (ID_PRA,DATUM,AKCE,POCET_LIDI) values ('3',to_date('17.02.19','DD.MM.RR'),'snowbording',null);
Insert into ROZVRH_EXTERNISTA (ID_PRA,DATUM,AKCE,POCET_LIDI) values ('1',to_date('10.09.16','DD.MM.RR'),'Pesi vylet',null);
Insert into ROZVRH_EXTERNISTA (ID_PRA,DATUM,AKCE,POCET_LIDI) values ('3',to_date('09.05.20','DD.MM.RR'),'Lyzovani',null);
Insert into ROZVRH_EXTERNISTA (ID_PRA,DATUM,AKCE,POCET_LIDI) values ('3',to_date('02.05.18','DD.MM.RR'),'Lyzovani',null);
Insert into ROZVRH_EXTERNISTA (ID_PRA,DATUM,AKCE,POCET_LIDI) values ('3',to_date('01.01.19','DD.MM.RR'),'snowbording',null);
Insert into ROZVRH_EXTERNISTA (ID_PRA,DATUM,AKCE,POCET_LIDI) values ('2',to_date('02.10.17','DD.MM.RR'),'snowbording',null);
Insert into ROZVRH_EXTERNISTA (ID_PRA,DATUM,AKCE,POCET_LIDI) values ('1',to_date('13.12.16','DD.MM.RR'),'Pesi vylet',null);
Insert into ROZVRH_EXTERNISTA (ID_PRA,DATUM,AKCE,POCET_LIDI) values ('3',to_date('18.06.17','DD.MM.RR'),'snowbording',null);
Insert into ROZVRH_EXTERNISTA (ID_PRA,DATUM,AKCE,POCET_LIDI) values ('1',to_date('10.10.16','DD.MM.RR'),'Pesi vylet',null);
Insert into ROZVRH_EXTERNISTA (ID_PRA,DATUM,AKCE,POCET_LIDI) values ('3',to_date('03.11.17','DD.MM.RR'),'Lyzovani',null);
Insert into ROZVRH_EXTERNISTA (ID_PRA,DATUM,AKCE,POCET_LIDI) values ('3',to_date('24.08.18','DD.MM.RR'),'Lyzovani',null);
Insert into ROZVRH_EXTERNISTA (ID_PRA,DATUM,AKCE,POCET_LIDI) values ('3',to_date('01.11.17','DD.MM.RR'),'snowbording',null);
Insert into ROZVRH_EXTERNISTA (ID_PRA,DATUM,AKCE,POCET_LIDI) values ('3',to_date('15.06.17','DD.MM.RR'),'snowbording',null);
Insert into ROZVRH_EXTERNISTA (ID_PRA,DATUM,AKCE,POCET_LIDI) values ('2',to_date('26.08.18','DD.MM.RR'),'Lyzovani',null);
Insert into ROZVRH_EXTERNISTA (ID_PRA,DATUM,AKCE,POCET_LIDI) values ('1',to_date('20.09.16','DD.MM.RR'),'Pesi vylet',null);
Insert into ROZVRH_EXTERNISTA (ID_PRA,DATUM,AKCE,POCET_LIDI) values ('1',to_date('20.09.19','DD.MM.RR'),'Pesi vylet',null);
Insert into ROZVRH_EXTERNISTA (ID_PRA,DATUM,AKCE,POCET_LIDI) values ('1',to_date('09.02.18','DD.MM.RR'),'Pesi vylet',null);
Insert into ROZVRH_EXTERNISTA (ID_PRA,DATUM,AKCE,POCET_LIDI) values ('1',to_date('16.09.16','DD.MM.RR'),'Pesi vylet',null);
Insert into ROZVRH_EXTERNISTA (ID_PRA,DATUM,AKCE,POCET_LIDI) values ('1',to_date('13.05.19','DD.MM.RR'),'Pesi vylet',null);
Insert into ROZVRH_EXTERNISTA (ID_PRA,DATUM,AKCE,POCET_LIDI) values ('2',to_date('08.03.20','DD.MM.RR'),'snowbording',null);
Insert into ROZVRH_EXTERNISTA (ID_PRA,DATUM,AKCE,POCET_LIDI) values ('3',to_date('05.12.16','DD.MM.RR'),'Lyzovani',null);
Insert into ROZVRH_EXTERNISTA (ID_PRA,DATUM,AKCE,POCET_LIDI) values ('2',to_date('11.02.19','DD.MM.RR'),'Lyzovani',null);
Insert into ROZVRH_EXTERNISTA (ID_PRA,DATUM,AKCE,POCET_LIDI) values ('2',to_date('08.04.20','DD.MM.RR'),'Lyzovani',null);
Insert into ROZVRH_EXTERNISTA (ID_PRA,DATUM,AKCE,POCET_LIDI) values ('3',to_date('19.01.18','DD.MM.RR'),'snowbording',null);
Insert into ROZVRH_EXTERNISTA (ID_PRA,DATUM,AKCE,POCET_LIDI) values ('1',to_date('16.07.18','DD.MM.RR'),'Pesi vylet',null);
Insert into ROZVRH_EXTERNISTA (ID_PRA,DATUM,AKCE,POCET_LIDI) values ('2',to_date('25.07.19','DD.MM.RR'),'Lyzovani',null);
Insert into ROZVRH_EXTERNISTA (ID_PRA,DATUM,AKCE,POCET_LIDI) values ('3',to_date('05.01.20','DD.MM.RR'),'snowbording',null);
Insert into ROZVRH_EXTERNISTA (ID_PRA,DATUM,AKCE,POCET_LIDI) values ('1',to_date('05.05.18','DD.MM.RR'),'Pesi vylet',null);
Insert into ROZVRH_EXTERNISTA (ID_PRA,DATUM,AKCE,POCET_LIDI) values ('3',to_date('25.06.19','DD.MM.RR'),'Lyzovani',null);
Insert into ROZVRH_EXTERNISTA (ID_PRA,DATUM,AKCE,POCET_LIDI) values ('3',to_date('27.07.17','DD.MM.RR'),'Lyzovani',null);
Insert into ROZVRH_EXTERNISTA (ID_PRA,DATUM,AKCE,POCET_LIDI) values ('2',to_date('17.12.18','DD.MM.RR'),'snowbording',null);
Insert into ROZVRH_EXTERNISTA (ID_PRA,DATUM,AKCE,POCET_LIDI) values ('1',to_date('24.05.17','DD.MM.RR'),'Pesi vylet',null);
Insert into ROZVRH_EXTERNISTA (ID_PRA,DATUM,AKCE,POCET_LIDI) values ('1',to_date('07.08.17','DD.MM.RR'),'Pesi vylet',null);
Insert into ROZVRH_EXTERNISTA (ID_PRA,DATUM,AKCE,POCET_LIDI) values ('1',to_date('23.01.19','DD.MM.RR'),'Pesi vylet',null);
--===========================SLUZBA_EXTERNI====================================
Insert into SLUZBA_EXTERNI (ID_SLUZBAEX,ID_ZAK,DATUM,AKCE) values ('1','22',to_date('28.06.17','DD.MM.RR'),'Pesi vylet');
Insert into SLUZBA_EXTERNI (ID_SLUZBAEX,ID_ZAK,DATUM,AKCE) values ('2','40',to_date('28.04.17','DD.MM.RR'),'Lyzovani');
Insert into SLUZBA_EXTERNI (ID_SLUZBAEX,ID_ZAK,DATUM,AKCE) values ('3','25',to_date('13.02.17','DD.MM.RR'),'snowbording');
Insert into SLUZBA_EXTERNI (ID_SLUZBAEX,ID_ZAK,DATUM,AKCE) values ('4','35',to_date('09.08.17','DD.MM.RR'),'snowbording');
Insert into SLUZBA_EXTERNI (ID_SLUZBAEX,ID_ZAK,DATUM,AKCE) values ('5','8',to_date('02.02.17','DD.MM.RR'),'snowbording');
Insert into SLUZBA_EXTERNI (ID_SLUZBAEX,ID_ZAK,DATUM,AKCE) values ('6','18',to_date('12.09.18','DD.MM.RR'),'Pesi vylet');
Insert into SLUZBA_EXTERNI (ID_SLUZBAEX,ID_ZAK,DATUM,AKCE) values ('7','15',to_date('12.12.19','DD.MM.RR'),'snowbording');
Insert into SLUZBA_EXTERNI (ID_SLUZBAEX,ID_ZAK,DATUM,AKCE) values ('8','1',to_date('01.11.17','DD.MM.RR'),'Pesi vylet');
Insert into SLUZBA_EXTERNI (ID_SLUZBAEX,ID_ZAK,DATUM,AKCE) values ('9','38',to_date('14.11.18','DD.MM.RR'),'snowbording');
Insert into SLUZBA_EXTERNI (ID_SLUZBAEX,ID_ZAK,DATUM,AKCE) values ('10','15',to_date('08.03.18','DD.MM.RR'),'snowbording');
Insert into SLUZBA_EXTERNI (ID_SLUZBAEX,ID_ZAK,DATUM,AKCE) values ('11','39',to_date('04.02.19','DD.MM.RR'),'Pesi vylet');
Insert into SLUZBA_EXTERNI (ID_SLUZBAEX,ID_ZAK,DATUM,AKCE) values ('12','6',to_date('12.11.17','DD.MM.RR'),'snowbording');
Insert into SLUZBA_EXTERNI (ID_SLUZBAEX,ID_ZAK,DATUM,AKCE) values ('13','30',to_date('15.04.20','DD.MM.RR'),'Pesi vylet');
Insert into SLUZBA_EXTERNI (ID_SLUZBAEX,ID_ZAK,DATUM,AKCE) values ('14','3',to_date('23.03.20','DD.MM.RR'),'Lyzovani');
Insert into SLUZBA_EXTERNI (ID_SLUZBAEX,ID_ZAK,DATUM,AKCE) values ('15','29',to_date('24.05.18','DD.MM.RR'),'Lyzovani');
Insert into SLUZBA_EXTERNI (ID_SLUZBAEX,ID_ZAK,DATUM,AKCE) values ('16','36',to_date('21.10.16','DD.MM.RR'),'Lyzovani');
Insert into SLUZBA_EXTERNI (ID_SLUZBAEX,ID_ZAK,DATUM,AKCE) values ('17','7',to_date('17.02.19','DD.MM.RR'),'snowbording');
Insert into SLUZBA_EXTERNI (ID_SLUZBAEX,ID_ZAK,DATUM,AKCE) values ('18','9',to_date('10.09.16','DD.MM.RR'),'Pesi vylet');
Insert into SLUZBA_EXTERNI (ID_SLUZBAEX,ID_ZAK,DATUM,AKCE) values ('19','25',to_date('09.05.20','DD.MM.RR'),'Lyzovani');
Insert into SLUZBA_EXTERNI (ID_SLUZBAEX,ID_ZAK,DATUM,AKCE) values ('20','38',to_date('02.05.18','DD.MM.RR'),'Lyzovani');
Insert into SLUZBA_EXTERNI (ID_SLUZBAEX,ID_ZAK,DATUM,AKCE) values ('21','23',to_date('01.01.19','DD.MM.RR'),'snowbording');
Insert into SLUZBA_EXTERNI (ID_SLUZBAEX,ID_ZAK,DATUM,AKCE) values ('22','5',to_date('02.10.17','DD.MM.RR'),'snowbording');
Insert into SLUZBA_EXTERNI (ID_SLUZBAEX,ID_ZAK,DATUM,AKCE) values ('23','31',to_date('13.12.16','DD.MM.RR'),'Pesi vylet');
Insert into SLUZBA_EXTERNI (ID_SLUZBAEX,ID_ZAK,DATUM,AKCE) values ('24','25',to_date('18.06.17','DD.MM.RR'),'snowbording');
Insert into SLUZBA_EXTERNI (ID_SLUZBAEX,ID_ZAK,DATUM,AKCE) values ('25','30',to_date('10.10.16','DD.MM.RR'),'Pesi vylet');
Insert into SLUZBA_EXTERNI (ID_SLUZBAEX,ID_ZAK,DATUM,AKCE) values ('26','11',to_date('03.11.17','DD.MM.RR'),'Lyzovani');
Insert into SLUZBA_EXTERNI (ID_SLUZBAEX,ID_ZAK,DATUM,AKCE) values ('27','13',to_date('24.08.18','DD.MM.RR'),'Lyzovani');
Insert into SLUZBA_EXTERNI (ID_SLUZBAEX,ID_ZAK,DATUM,AKCE) values ('28','10',to_date('01.11.17','DD.MM.RR'),'snowbording');
Insert into SLUZBA_EXTERNI (ID_SLUZBAEX,ID_ZAK,DATUM,AKCE) values ('29','35',to_date('15.06.17','DD.MM.RR'),'snowbording');
Insert into SLUZBA_EXTERNI (ID_SLUZBAEX,ID_ZAK,DATUM,AKCE) values ('30','40',to_date('26.08.18','DD.MM.RR'),'Lyzovani');
Insert into SLUZBA_EXTERNI (ID_SLUZBAEX,ID_ZAK,DATUM,AKCE) values ('31','12',to_date('20.09.16','DD.MM.RR'),'Pesi vylet');
Insert into SLUZBA_EXTERNI (ID_SLUZBAEX,ID_ZAK,DATUM,AKCE) values ('32','27',to_date('20.09.19','DD.MM.RR'),'Pesi vylet');
Insert into SLUZBA_EXTERNI (ID_SLUZBAEX,ID_ZAK,DATUM,AKCE) values ('33','22',to_date('09.02.18','DD.MM.RR'),'Pesi vylet');
Insert into SLUZBA_EXTERNI (ID_SLUZBAEX,ID_ZAK,DATUM,AKCE) values ('34','12',to_date('16.09.16','DD.MM.RR'),'Pesi vylet');
Insert into SLUZBA_EXTERNI (ID_SLUZBAEX,ID_ZAK,DATUM,AKCE) values ('35','24',to_date('13.05.19','DD.MM.RR'),'Pesi vylet');
Insert into SLUZBA_EXTERNI (ID_SLUZBAEX,ID_ZAK,DATUM,AKCE) values ('36','16',to_date('08.03.20','DD.MM.RR'),'snowbording');
Insert into SLUZBA_EXTERNI (ID_SLUZBAEX,ID_ZAK,DATUM,AKCE) values ('37','25',to_date('05.12.16','DD.MM.RR'),'Lyzovani');
Insert into SLUZBA_EXTERNI (ID_SLUZBAEX,ID_ZAK,DATUM,AKCE) values ('38','19',to_date('11.02.19','DD.MM.RR'),'Lyzovani');
Insert into SLUZBA_EXTERNI (ID_SLUZBAEX,ID_ZAK,DATUM,AKCE) values ('39','37',to_date('08.04.20','DD.MM.RR'),'Lyzovani');
Insert into SLUZBA_EXTERNI (ID_SLUZBAEX,ID_ZAK,DATUM,AKCE) values ('40','13',to_date('19.01.18','DD.MM.RR'),'snowbording');
Insert into SLUZBA_EXTERNI (ID_SLUZBAEX,ID_ZAK,DATUM,AKCE) values ('41','38',to_date('16.07.18','DD.MM.RR'),'Pesi vylet');
Insert into SLUZBA_EXTERNI (ID_SLUZBAEX,ID_ZAK,DATUM,AKCE) values ('42','40',to_date('25.07.19','DD.MM.RR'),'Lyzovani');
Insert into SLUZBA_EXTERNI (ID_SLUZBAEX,ID_ZAK,DATUM,AKCE) values ('43','17',to_date('05.01.20','DD.MM.RR'),'snowbording');
Insert into SLUZBA_EXTERNI (ID_SLUZBAEX,ID_ZAK,DATUM,AKCE) values ('44','20',to_date('05.05.18','DD.MM.RR'),'Pesi vylet');
Insert into SLUZBA_EXTERNI (ID_SLUZBAEX,ID_ZAK,DATUM,AKCE) values ('45','40',to_date('25.06.19','DD.MM.RR'),'Lyzovani');
Insert into SLUZBA_EXTERNI (ID_SLUZBAEX,ID_ZAK,DATUM,AKCE) values ('46','24',to_date('27.07.17','DD.MM.RR'),'Lyzovani');
Insert into SLUZBA_EXTERNI (ID_SLUZBAEX,ID_ZAK,DATUM,AKCE) values ('47','39',to_date('17.12.18','DD.MM.RR'),'snowbording');
Insert into SLUZBA_EXTERNI (ID_SLUZBAEX,ID_ZAK,DATUM,AKCE) values ('48','17',to_date('24.05.17','DD.MM.RR'),'Pesi vylet');
Insert into SLUZBA_EXTERNI (ID_SLUZBAEX,ID_ZAK,DATUM,AKCE) values ('49','25',to_date('07.08.17','DD.MM.RR'),'Pesi vylet');
Insert into SLUZBA_EXTERNI (ID_SLUZBAEX,ID_ZAK,DATUM,AKCE) values ('50','40',to_date('23.01.19','DD.MM.RR'),'Pesi vylet');
Insert into SLUZBA_EXTERNI (ID_SLUZBAEX,ID_ZAK,DATUM,AKCE) values ('51','23',to_date('01.11.17','DD.MM.RR'),'snowbording');
Insert into SLUZBA_EXTERNI (ID_SLUZBAEX,ID_ZAK,DATUM,AKCE) values ('52','28',to_date('15.06.17','DD.MM.RR'),'snowbording');
Insert into SLUZBA_EXTERNI (ID_SLUZBAEX,ID_ZAK,DATUM,AKCE) values ('53','33',to_date('26.08.18','DD.MM.RR'),'Lyzovani');
Insert into SLUZBA_EXTERNI (ID_SLUZBAEX,ID_ZAK,DATUM,AKCE) values ('54','39',to_date('20.09.16','DD.MM.RR'),'Pesi vylet');
Insert into SLUZBA_EXTERNI (ID_SLUZBAEX,ID_ZAK,DATUM,AKCE) values ('55','12',to_date('20.09.19','DD.MM.RR'),'Pesi vylet');
Insert into SLUZBA_EXTERNI (ID_SLUZBAEX,ID_ZAK,DATUM,AKCE) values ('56','25',to_date('09.02.18','DD.MM.RR'),'Pesi vylet');
Insert into SLUZBA_EXTERNI (ID_SLUZBAEX,ID_ZAK,DATUM,AKCE) values ('57','25',to_date('16.09.16','DD.MM.RR'),'Pesi vylet');
Insert into SLUZBA_EXTERNI (ID_SLUZBAEX,ID_ZAK,DATUM,AKCE) values ('58','14',to_date('13.05.19','DD.MM.RR'),'Pesi vylet');
Insert into SLUZBA_EXTERNI (ID_SLUZBAEX,ID_ZAK,DATUM,AKCE) values ('59','34',to_date('08.03.20','DD.MM.RR'),'snowbording');
Insert into SLUZBA_EXTERNI (ID_SLUZBAEX,ID_ZAK,DATUM,AKCE) values ('71','35',to_date('08.03.20','DD.MM.RR'),'snowbording');
Insert into SLUZBA_EXTERNI (ID_SLUZBAEX,ID_ZAK,DATUM,AKCE) values ('60','28',to_date('05.12.16','DD.MM.RR'),'Lyzovani');
Insert into SLUZBA_EXTERNI (ID_SLUZBAEX,ID_ZAK,DATUM,AKCE) values ('61','25',to_date('28.06.17','DD.MM.RR'),'Pesi vylet');
Insert into SLUZBA_EXTERNI (ID_SLUZBAEX,ID_ZAK,DATUM,AKCE) values ('62','35',to_date('28.04.17','DD.MM.RR'),'Lyzovani');
Insert into SLUZBA_EXTERNI (ID_SLUZBAEX,ID_ZAK,DATUM,AKCE) values ('63','8',to_date('13.02.17','DD.MM.RR'),'snowbording');
Insert into SLUZBA_EXTERNI (ID_SLUZBAEX,ID_ZAK,DATUM,AKCE) values ('64','18',to_date('09.08.17','DD.MM.RR'),'snowbording');
Insert into SLUZBA_EXTERNI (ID_SLUZBAEX,ID_ZAK,DATUM,AKCE) values ('65','15',to_date('02.02.17','DD.MM.RR'),'snowbording');
Insert into SLUZBA_EXTERNI (ID_SLUZBAEX,ID_ZAK,DATUM,AKCE) values ('66','1',to_date('12.09.18','DD.MM.RR'),'Pesi vylet');
Insert into SLUZBA_EXTERNI (ID_SLUZBAEX,ID_ZAK,DATUM,AKCE) values ('67','38',to_date('12.12.19','DD.MM.RR'),'snowbording');
Insert into SLUZBA_EXTERNI (ID_SLUZBAEX,ID_ZAK,DATUM,AKCE) values ('68','15',to_date('01.11.17','DD.MM.RR'),'Pesi vylet');
Insert into SLUZBA_EXTERNI (ID_SLUZBAEX,ID_ZAK,DATUM,AKCE) values ('69','39',to_date('14.11.18','DD.MM.RR'),'snowbording');
Insert into SLUZBA_EXTERNI (ID_SLUZBAEX,ID_ZAK,DATUM,AKCE) values ('70','6',to_date('08.03.18','DD.MM.RR'),'snowbording');

COMMIT;

exec ZAPNI_CIZI_KLICE;
